{"cameraMode":{"drawMode":2,"name":"Shaded Wireframe","section":"Shading Mode"},"sceneLighting":false,"audioPlay":false,"sceneViewState":{"showFog":true,"showMaterialUpdate":true,"showSkybox":true,"showFlares":true,"showImageEffects":true,"showParticleSystems":true},"in2DMode":false,"pivot":{"x":13.743632316589356,"y":13.607295989990235,"z":5.5073394775390629},"rotation":{"x":0.12659764289855958,"y":-0.7260771989822388,"z":0.13897119462490083,"w":0.6614165902137756},"size":12.529601097106934,"orthographic":false}