{"cameraMode":{"drawMode":2,"name":"Shaded Wireframe","section":"Shading Mode"},"sceneLighting":false,"audioPlay":false,"sceneViewState":{"showFog":true,"showMaterialUpdate":true,"showSkybox":true,"showFlares":true,"showImageEffects":true,"showParticleSystems":true},"in2DMode":false,"pivot":{"x":5.899229526519775,"y":1.1735618114471436,"z":4.822842597961426},"rotation":{"x":-0.34552502632141116,"y":-0.03411835804581642,"z":0.012574193999171257,"w":-0.937704861164093},"size":1.473508358001709,"orthographic":false}