{"cameraMode":{"drawMode":2,"name":"Shaded Wireframe","section":"Shading Mode"},"sceneLighting":true,"audioPlay":false,"sceneViewState":{"showFog":true,"showMaterialUpdate":true,"showSkybox":true,"showFlares":true,"showImageEffects":true,"showParticleSystems":true},"in2DMode":false,"pivot":{"x":81.8434066772461,"y":-37.83324432373047,"z":-7.939533233642578},"rotation":{"x":-0.14713497459888459,"y":-0.7254401445388794,"z":0.16367284953594209,"w":-0.6521496176719666},"size":129.25506591796876,"orthographic":false}